time,symbol,timeframe,open,high,low,close,tick_volume,spread,real_volume
2026-01-01 00:00:00+00:00,XAUUSD,M1,2400.0,2400.6301960010164,2399.3128241739155,2400.2637736638035,197.0,20.0,0.0
2026-01-01 00:01:00+00:00,XAUUSD,M1,2400.2637736638035,2400.444344628005,2398.558749819788,2399.451786378811,288.0,20.0,0.0
2026-01-01 00:02:00+00:00,XAUUSD,M1,2399.451786378811,2400.6328616822098,2398.9500846389533,2400.0721473354565,135.0,20.0,0.0
2026-01-01 00:03:00+00:00,XAUUSD,M1,2400.0721473354565,2400.9963207810542,2399.4611509744755,2400.844599108569,447.0,20.0,0.0
2026-01-01 00:04:00+00:00,XAUUSD,M1,2400.844599108569,2401.2047805654856,2398.9966627186786,2399.303770957646,377.0,20.0,0.0
2026-01-01 00:05:00+00:00,XAUUSD,M1,2399.303770957646,2400.1684357614117,2397.4266220924405,2398.2820273521565,392.0,20.0,0.0
2026-01-01 00:06:00+00:00,XAUUSD,M1,2398.2820273521565,2399.3004444763865,2397.9206421868835,2398.4042996746903,126.0,20.0,0.0
2026-01-01 00:07:00+00:00,XAUUSD,M1,2398.4042996746903,2399.110588832342,2397.4935714950316,2398.1713056008152,368.0,20.0,0.0
2026-01-01 00:08:00+00:00,XAUUSD,M1,2398.1713056008152,2398.4921819582446,2397.778636427314,2398.177864674812,426.0,20.0,0.0
2026-01-01 00:09:00+00:00,XAUUSD,M1,2398.177864674812,2398.812379966603,2396.9878834421993,2397.515429532753,128.0,20.0,0.0
2026-01-01 00:10:00+00:00,XAUUSD,M1,2397.515429532753,2398.8885433233045,2396.8536143779847,2398.238947912643,388.0,20.0,0.0
2026-01-01 00:11:00+00:00,XAUUSD,M1,2398.238947912643,2399.2608469018755,2397.7563538836544,2398.881181460986,210.0,20.0,0.0
2026-01-01 00:12:00+00:00,XAUUSD,M1,2398.881181460986,2399.5487613584332,2398.060158083113,2398.954006019035,404.0,20.0,0.0
2026-01-01 00:13:00+00:00,XAUUSD,M1,2398.954006019035,2399.9349174828394,2398.5476001792968,2399.87579898461,265.0,20.0,0.0
2026-01-01 00:14:00+00:00,XAUUSD,M1,2399.87579898461,2400.4975054682236,2399.275787956188,2400.2698064584115,410.0,20.0,0.0
2026-01-01 00:15:00+00:00,XAUUSD,M1,2400.2698064584115,2400.7661315159335,2399.2613644197995,2399.6023724881047,116.0,20.0,0.0
2026-01-01 00:16:00+00:00,XAUUSD,M1,2399.6023724881047,2400.1065617239906,2399.2054393201083,2399.917373115371,225.0,20.0,0.0
2026-01-01 00:17:00+00:00,XAUUSD,M1,2399.917373115371,2400.108393953066,2398.7462244427093,2399.1702670347076,173.0,20.0,0.0
2026-01-01 00:18:00+00:00,XAUUSD,M1,2399.1702670347076,2400.653885922721,2399.013331069142,2399.8930272757534,161.0,20.0,0.0
2026-01-01 00:19:00+00:00,XAUUSD,M1,2399.8930272757534,2400.7837903280347,2399.7451214197645,2399.8730865469647,188.0,20.0,0.0
2026-01-01 00:20:00+00:00,XAUUSD,M1,2399.8730865469647,2400.395660560789,2399.1278302214537,2399.7451966561284,222.0,20.0,0.0
2026-01-01 00:21:00+00:00,XAUUSD,M1,2399.7451966561284,2400.5084059273777,2398.6132629430135,2399.220453020605,107.0,20.0,0.0
2026-01-01 00:22:00+00:00,XAUUSD,M1,2399.220453020605,2401.1102595062216,2398.6069797635264,2400.2184860915445,368.0,20.0,0.0
2026-01-01 00:23:00+00:00,XAUUSD,M1,2400.2184860915445,2400.388842596828,2400.048061027348,2400.1148625058895,297.0,20.0,0.0
2026-01-01 00:24:00+00:00,XAUUSD,M1,2400.1148625058895,2400.5458712771556,2399.4646354318875,2399.7922002481587,423.0,20.0,0.0
2026-01-01 00:25:00+00:00,XAUUSD,M1,2399.7922002481587,2400.175887056624,2399.3123550375976,2399.530493407768,367.0,20.0,0.0
2026-01-01 00:26:00+00:00,XAUUSD,M1,2399.530493407768,2400.0943826473103,2398.819064698606,2399.976340756211,117.0,20.0,0.0
2026-01-01 00:27:00+00:00,XAUUSD,M1,2399.976340756211,2400.9807266545777,2399.194804915024,2400.288696007702,81.0,20.0,0.0
2026-01-01 00:28:00+00:00,XAUUSD,M1,2400.288696007702,2401.0575942702035,2400.02901768706,2400.638882096979,240.0,20.0,0.0
2026-01-01 00:29:00+00:00,XAUUSD,M1,2400.638882096979,2401.452466793447,2400.0212103119584,2401.003538899385,266.0,20.0,0.0
2026-01-01 00:30:00+00:00,XAUUSD,M1,2401.003538899385,2402.9149290078226,2400.8435805164454,2402.7368569800815,158.0,20.0,0.0
2026-01-01 00:31:00+00:00,XAUUSD,M1,2402.7368569800815,2402.940644634478,2402.1478453202126,2402.431724966974,401.0,20.0,0.0
2026-01-01 00:32:00+00:00,XAUUSD,M1,2402.431724966974,2403.2527630458067,2401.8740744619186,2402.041930783717,311.0,20.0,0.0
2026-01-01 00:33:00+00:00,XAUUSD,M1,2402.041930783717,2402.129882509345,2401.119919949509,2401.4109126011185,386.0,20.0,0.0
2026-01-01 00:34:00+00:00,XAUUSD,M1,2401.4109126011185,2402.171620581381,2400.7873865358715,2401.923696139179,99.0,20.0,0.0
2026-01-01 00:35:00+00:00,XAUUSD,M1,2401.923696139179,2403.145124404123,2401.0999182655214,2402.8468739733557,416.0,20.0,0.0
2026-01-01 00:36:00+00:00,XAUUSD,M1,2402.8468739733557,2403.313541884397,2402.553571960496,2402.7757160072315,142.0,20.0,0.0
2026-01-01 00:37:00+00:00,XAUUSD,M1,2402.7757160072315,2403.324194404294,2401.6128236459535,2402.1235908256617,251.0,20.0,0.0
2026-01-01 00:38:00+00:00,XAUUSD,M1,2402.1235908256617,2402.592887305135,2400.837823417052,2401.4840058531086,247.0,20.0,0.0
2026-01-01 00:39:00+00:00,XAUUSD,M1,2401.4840058531086,2402.145978117742,2400.6240217548957,2402.0244800833684,419.0,20.0,0.0
2026-01-01 00:40:00+00:00,XAUUSD,M1,2402.0244800833684,2402.8962007562786,2401.4559286729145,2402.639083420331,174.0,20.0,0.0
2026-01-01 00:41:00+00:00,XAUUSD,M1,2402.639083420331,2403.8606569620233,2402.372242528958,2403.093606834975,158.0,20.0,0.0
2026-01-01 00:42:00+00:00,XAUUSD,M1,2403.093606834975,2403.685557230382,2401.9995426357677,2402.5811990691445,202.0,20.0,0.0
2026-01-01 00:43:00+00:00,XAUUSD,M1,2402.5811990691445,2403.388704820212,2402.2587815817183,2402.7869281275975,212.0,20.0,0.0
2026-01-01 00:44:00+00:00,XAUUSD,M1,2402.7869281275975,2403.519949541959,2401.9072189955095,2402.9002767749103,131.0,20.0,0.0
2026-01-01 00:45:00+00:00,XAUUSD,M1,2402.9002767749103,2403.7936952184773,2402.5105520600214,2403.0952276522935,129.0,20.0,0.0
2026-01-01 00:46:00+00:00,XAUUSD,M1,2403.0952276522935,2403.911762884115,2402.4626140896466,2403.812370674652,154.0,20.0,0.0
2026-01-01 00:47:00+00:00,XAUUSD,M1,2403.812370674652,2404.3728642408646,2403.742627229657,2404.0112471136717,260.0,20.0,0.0
2026-01-01 00:48:00+00:00,XAUUSD,M1,2404.0112471136717,2405.0829762841017,2403.621194884457,2404.5743779641293,204.0,20.0,0.0
2026-01-01 00:49:00+00:00,XAUUSD,M1,2404.5743779641293,2404.986129230523,2403.7805364928054,2404.6484412197206,226.0,20.0,0.0
2026-01-01 00:50:00+00:00,XAUUSD,M1,2404.6484412197206,2405.6675437809663,2404.079747891952,2404.8997367386723,373.0,20.0,0.0
2026-01-01 00:51:00+00:00,XAUUSD,M1,2404.8997367386723,2405.8849539516423,2404.4723852852358,2405.424767319343,158.0,20.0,0.0
2026-01-01 00:52:00+00:00,XAUUSD,M1,2405.424767319343,2406.1281007703838,2403.433495788938,2404.2790426634588,459.0,20.0,0.0
2026-01-01 00:53:00+00:00,XAUUSD,M1,2404.2790426634588,2405.053255852808,2403.2674189706477,2404.043305690373,388.0,20.0,0.0
2026-01-01 00:54:00+00:00,XAUUSD,M1,2404.043305690373,2404.522378450841,2403.363124244189,2403.6870075669385,128.0,20.0,0.0
2026-01-01 00:55:00+00:00,XAUUSD,M1,2403.6870075669385,2404.510126974229,2402.6830391466087,2403.195905288344,191.0,20.0,0.0
2026-01-01 00:56:00+00:00,XAUUSD,M1,2403.195905288344,2403.7449606378004,2402.529440869684,2402.9957914873626,132.0,20.0,0.0
2026-01-01 00:57:00+00:00,XAUUSD,M1,2402.9957914873626,2404.9844776903587,2402.408419362265,2404.21174453635,172.0,20.0,0.0
2026-01-01 00:58:00+00:00,XAUUSD,M1,2404.21174453635,2404.5512467126027,2403.2050850668807,2403.5390796437955,214.0,20.0,0.0
2026-01-01 00:59:00+00:00,XAUUSD,M1,2403.5390796437955,2404.8076967422207,2403.2815053931445,2404.333702327469,108.0,20.0,0.0
2026-01-01 01:00:00+00:00,XAUUSD,M1,2404.333702327469,2404.835401712323,2402.181635450209,2403.007406510176,56.0,20.0,0.0
2026-01-01 01:01:00+00:00,XAUUSD,M1,2403.007406510176,2403.146639268688,2401.924205161614,2402.7594984861876,247.0,20.0,0.0
2026-01-01 01:02:00+00:00,XAUUSD,M1,2402.7594984861876,2403.298470568968,2401.99267403329,2402.9097009382713,365.0,20.0,0.0
2026-01-01 01:03:00+00:00,XAUUSD,M1,2402.9097009382713,2404.2284158250277,2402.028227172121,2403.398678803359,186.0,20.0,0.0
2026-01-01 01:04:00+00:00,XAUUSD,M1,2403.398678803359,2404.5738674715035,2402.7154360064465,2403.9876600671932,437.0,20.0,0.0
2026-01-01 01:05:00+00:00,XAUUSD,M1,2403.9876600671932,2404.8432184504245,2403.2876929229155,2404.642337855353,216.0,20.0,0.0
2026-01-01 01:06:00+00:00,XAUUSD,M1,2404.642337855353,2404.9803651456214,2403.685156219386,2404.3833577975543,455.0,20.0,0.0
2026-01-01 01:07:00+00:00,XAUUSD,M1,2404.3833577975543,2404.5962203557674,2403.5749598771217,2404.033476363423,156.0,20.0,0.0
2026-01-01 01:08:00+00:00,XAUUSD,M1,2404.033476363423,2404.8109567304573,2403.5954919980854,2404.7398570684286,292.0,20.0,0.0
2026-01-01 01:09:00+00:00,XAUUSD,M1,2404.7398570684286,2405.578198458157,2404.3526212737966,2404.606813608523,393.0,20.0,0.0
2026-01-01 01:10:00+00:00,XAUUSD,M1,2404.606813608523,2405.0377898375414,2403.008168234647,2403.6062645498528,76.0,20.0,0.0
2026-01-01 01:11:00+00:00,XAUUSD,M1,2403.6062645498528,2403.9176693614104,2402.4237126629628,2402.71963477865,468.0,20.0,0.0
2026-01-01 01:12:00+00:00,XAUUSD,M1,2402.71963477865,2403.278340391474,2401.7349358016018,2402.0040729498487,214.0,20.0,0.0
2026-01-01 01:13:00+00:00,XAUUSD,M1,2402.0040729498487,2402.478018832941,2401.456005781867,2402.421801545092,274.0,20.0,0.0
2026-01-01 01:14:00+00:00,XAUUSD,M1,2402.421801545092,2402.8420609245586,2402.0233165151008,2402.555742133948,332.0,20.0,0.0
2026-01-01 01:15:00+00:00,XAUUSD,M1,2402.555742133948,2403.7757088630465,2402.3197140164725,2403.1281304172026,339.0,20.0,0.0
2026-01-01 01:16:00+00:00,XAUUSD,M1,2403.1281304172026,2403.7168347243114,2402.0626806858936,2402.8063283001334,60.0,20.0,0.0
2026-01-01 01:17:00+00:00,XAUUSD,M1,2402.8063283001334,2403.8376951084056,2402.024843868733,2402.9531600529945,440.0,20.0,0.0
2026-01-01 01:18:00+00:00,XAUUSD,M1,2402.9531600529945,2404.050936421378,2402.7606154612686,2403.4736323681686,330.0,20.0,0.0
2026-01-01 01:19:00+00:00,XAUUSD,M1,2403.4736323681686,2403.929512360752,2403.189774158512,2403.246155136392,499.0,20.0,0.0
2026-01-01 01:20:00+00:00,XAUUSD,M1,2403.246155136392,2404.3287930051442,2402.9104446631422,2403.631575326438,262.0,20.0,0.0
2026-01-01 01:21:00+00:00,XAUUSD,M1,2403.631575326438,2404.4494040176073,2402.394150363256,2403.1220345735846,326.0,20.0,0.0
2026-01-01 01:22:00+00:00,XAUUSD,M1,2403.1220345735846,2403.7846261282953,2402.0882937100337,2402.8515914963327,248.0,20.0,0.0
2026-01-01 01:23:00+00:00,XAUUSD,M1,2402.8515914963327,2403.7203210363496,2402.3986214715355,2402.566201181134,450.0,20.0,0.0
2026-01-01 01:24:00+00:00,XAUUSD,M1,2402.566201181134,2403.2809055762614,2400.9213439486575,2401.629529464663,424.0,20.0,0.0
2026-01-01 01:25:00+00:00,XAUUSD,M1,2401.629529464663,2402.825888671814,2401.4811809224498,2402.0391074492914,458.0,20.0,0.0
2026-01-01 01:26:00+00:00,XAUUSD,M1,2402.0391074492914,2402.1860959097976,2401.3020323754963,2401.683585577129,276.0,20.0,0.0
2026-01-01 01:27:00+00:00,XAUUSD,M1,2401.683585577129,2402.3861323496562,2400.784767489369,2401.7135808721114,406.0,20.0,0.0
2026-01-01 01:28:00+00:00,XAUUSD,M1,2401.7135808721114,2402.542253593834,2401.499878672365,2402.118178199236,211.0,20.0,0.0
2026-01-01 01:29:00+00:00,XAUUSD,M1,2402.118178199236,2403.0155413721095,2401.937309154045,2402.49540314006,257.0,20.0,0.0
2026-01-01 01:30:00+00:00,XAUUSD,M1,2402.49540314006,2403.653698275298,2402.086022857395,2403.0477112272383,392.0,20.0,0.0
2026-01-01 01:31:00+00:00,XAUUSD,M1,2403.0477112272383,2403.922054076438,2402.412204592556,2402.9889228396305,86.0,20.0,0.0
2026-01-01 01:32:00+00:00,XAUUSD,M1,2402.9889228396305,2403.8758142088473,2401.827318524944,2402.6702841899955,369.0,20.0,0.0
2026-01-01 01:33:00+00:00,XAUUSD,M1,2402.6702841899955,2402.96527819866,2401.742811647567,2402.62650962127,57.0,20.0,0.0
2026-01-01 01:34:00+00:00,XAUUSD,M1,2402.62650962127,2403.3002000940924,2401.1874475330014,2401.296642074104,311.0,20.0,0.0
2026-01-01 01:35:00+00:00,XAUUSD,M1,2401.296642074104,2401.984128081349,2399.9916542064193,2400.158952096165,264.0,20.0,0.0
2026-01-01 01:36:00+00:00,XAUUSD,M1,2400.158952096165,2400.503471028281,2398.3986651284704,2399.120792406282,260.0,20.0,0.0
2026-01-01 01:37:00+00:00,XAUUSD,M1,2399.120792406282,2399.2760817149165,2398.0629576147703,2398.3429949442007,272.0,20.0,0.0
2026-01-01 01:38:00+00:00,XAUUSD,M1,2398.3429949442007,2398.767619241822,2397.5408732436204,2398.6828143255793,271.0,20.0,0.0
2026-01-01 01:39:00+00:00,XAUUSD,M1,2398.6828143255793,2399.3935559839792,2397.364495812647,2397.9784310812915,233.0,20.0,0.0
2026-01-01 01:40:00+00:00,XAUUSD,M1,2397.9784310812915,2398.444675861836,2397.550832956036,2397.6959010380597,253.0,20.0,0.0
2026-01-01 01:41:00+00:00,XAUUSD,M1,2397.6959010380597,2399.6429928203597,2396.9382511458743,2398.755283676289,305.0,20.0,0.0
2026-01-01 01:42:00+00:00,XAUUSD,M1,2398.755283676289,2399.2005111140534,2398.2903695764326,2398.4902724994395,393.0,20.0,0.0
2026-01-01 01:43:00+00:00,XAUUSD,M1,2398.4902724994395,2399.981514386426,2398.080301413962,2399.1002849542133,298.0,20.0,0.0
2026-01-01 01:44:00+00:00,XAUUSD,M1,2399.1002849542133,2399.5001245560784,2397.85403362093,2398.3733908102054,339.0,20.0,0.0
2026-01-01 01:45:00+00:00,XAUUSD,M1,2398.3733908102054,2399.0980206381814,2397.753389537193,2398.229040763911,426.0,20.0,0.0
2026-01-01 01:46:00+00:00,XAUUSD,M1,2398.229040763911,2398.351137145376,2396.85578464171,2397.489023119983,495.0,20.0,0.0
2026-01-01 01:47:00+00:00,XAUUSD,M1,2397.489023119983,2398.0111655736,2396.6330129346234,2397.237796659262,98.0,20.0,0.0
2026-01-01 01:48:00+00:00,XAUUSD,M1,2397.237796659262,2398.661793988166,2396.3445609545633,2397.930043169228,370.0,20.0,0.0
2026-01-01 01:49:00+00:00,XAUUSD,M1,2397.930043169228,2398.766039586365,2395.6686782078336,2396.568186830674,151.0,20.0,0.0
2026-01-01 01:50:00+00:00,XAUUSD,M1,2396.568186830674,2397.684921372536,2396.079196338434,2396.9357257455113,138.0,20.0,0.0
2026-01-01 01:51:00+00:00,XAUUSD,M1,2396.9357257455113,2397.227339345498,2396.8048065215944,2397.145914227377,406.0,20.0,0.0
2026-01-01 01:52:00+00:00,XAUUSD,M1,2397.145914227377,2397.512711217488,2396.021927458696,2396.6905942628196,80.0,20.0,0.0
2026-01-01 01:53:00+00:00,XAUUSD,M1,2396.6905942628196,2396.781987964286,2394.6735835128247,2395.553747979309,431.0,20.0,0.0
2026-01-01 01:54:00+00:00,XAUUSD,M1,2395.553747979309,2395.774341532927,2395.233170549824,2395.6314515854797,396.0,20.0,0.0
2026-01-01 01:55:00+00:00,XAUUSD,M1,2395.6314515854797,2396.255461369847,2394.785829865267,2395.2278574182287,497.0,20.0,0.0
2026-01-01 01:56:00+00:00,XAUUSD,M1,2395.2278574182287,2396.0902678541775,2394.8167970321356,2395.4339983873124,350.0,20.0,0.0
2026-01-01 01:57:00+00:00,XAUUSD,M1,2395.4339983873124,2396.17914268407,2395.340292105939,2395.471480103731,442.0,20.0,0.0
2026-01-01 01:58:00+00:00,XAUUSD,M1,2395.471480103731,2397.5585412826354,2394.8500553371914,2396.772903216788,103.0,20.0,0.0
2026-01-01 01:59:00+00:00,XAUUSD,M1,2396.772903216788,2397.451419964993,2396.2510816740014,2396.6014187148094,450.0,20.0,0.0
2026-01-01 02:00:00+00:00,XAUUSD,M1,2396.6014187148094,2397.3321595681,2395.0832764272755,2395.802620720712,122.0,20.0,0.0
2026-01-01 02:01:00+00:00,XAUUSD,M1,2395.802620720712,2396.057660382027,2395.0453186567224,2395.966041228677,191.0,20.0,0.0
2026-01-01 02:02:00+00:00,XAUUSD,M1,2395.966041228677,2396.41139345373,2395.217995060069,2396.1620385758547,107.0,20.0,0.0
2026-01-01 02:03:00+00:00,XAUUSD,M1,2396.1620385758547,2397.8480017434163,2395.757872477521,2397.269388636047,230.0,20.0,0.0
2026-01-01 02:04:00+00:00,XAUUSD,M1,2397.269388636047,2398.7368841417097,2396.9460748061424,2397.9574776327786,387.0,20.0,0.0
2026-01-01 02:05:00+00:00,XAUUSD,M1,2397.9574776327786,2398.3167995862973,2397.2709799700615,2398.2629744800984,170.0,20.0,0.0
2026-01-01 02:06:00+00:00,XAUUSD,M1,2398.2629744800984,2399.9410517338724,2397.531793461332,2399.4536167930737,419.0,20.0,0.0
2026-01-01 02:07:00+00:00,XAUUSD,M1,2399.4536167930737,2400.0793110825334,2398.055037520183,2398.5226063496157,322.0,20.0,0.0
2026-01-01 02:08:00+00:00,XAUUSD,M1,2398.5226063496157,2398.597772545375,2397.2217287568096,2398.0308051234156,333.0,20.0,0.0
2026-01-01 02:09:00+00:00,XAUUSD,M1,2398.0308051234156,2398.421957347336,2397.1372219786244,2397.3095443702914,472.0,20.0,0.0
2026-01-01 02:10:00+00:00,XAUUSD,M1,2397.3095443702914,2398.1208340194676,2396.2204880650565,2397.0176965277665,244.0,20.0,0.0
2026-01-01 02:11:00+00:00,XAUUSD,M1,2397.0176965277665,2397.638567415294,2395.804666661695,2395.9363476097215,205.0,20.0,0.0
2026-01-01 02:12:00+00:00,XAUUSD,M1,2395.9363476097215,2396.7164779760296,2395.755850915975,2396.464468367173,497.0,20.0,0.0
2026-01-01 02:13:00+00:00,XAUUSD,M1,2396.464468367173,2397.2393323273604,2395.8029261982115,2396.3066902094943,300.0,20.0,0.0
2026-01-01 02:14:00+00:00,XAUUSD,M1,2396.3066902094943,2396.6525169193924,2395.0426544657325,2395.150045173892,326.0,20.0,0.0
2026-01-01 02:15:00+00:00,XAUUSD,M1,2395.150045173892,2395.9253881443647,2394.262695872736,2394.357581908926,183.0,20.0,0.0
2026-01-01 02:16:00+00:00,XAUUSD,M1,2394.357581908926,2394.932495090337,2394.307140976385,2394.628392986886,146.0,20.0,0.0
2026-01-01 02:17:00+00:00,XAUUSD,M1,2394.628392986886,2395.8706664544525,2394.207523826146,2395.3188942412016,126.0,20.0,0.0
2026-01-01 02:18:00+00:00,XAUUSD,M1,2395.3188942412016,2397.323678012141,2394.6104639421033,2396.9362789545553,150.0,20.0,0.0
2026-01-01 02:19:00+00:00,XAUUSD,M1,2396.9362789545553,2399.5709702205027,2396.856666356817,2399.287368927361,137.0,20.0,0.0
2026-01-01 02:20:00+00:00,XAUUSD,M1,2399.287368927361,2400.442470401828,2398.6829499618652,2399.6388964739817,386.0,20.0,0.0
2026-01-01 02:21:00+00:00,XAUUSD,M1,2399.6388964739817,2399.84835110363,2398.1176077581526,2398.8672659779563,76.0,20.0,0.0
2026-01-01 02:22:00+00:00,XAUUSD,M1,2398.8672659779563,2398.9893558305066,2396.98882823208,2397.1816289533713,333.0,20.0,0.0
2026-01-01 02:23:00+00:00,XAUUSD,M1,2397.1816289533713,2397.75643602101,2397.006794778773,2397.415798123246,477.0,20.0,0.0
2026-01-01 02:24:00+00:00,XAUUSD,M1,2397.415798123246,2398.0757913987413,2396.0037644194203,2396.785445246998,394.0,20.0,0.0
2026-01-01 02:25:00+00:00,XAUUSD,M1,2396.785445246998,2397.521762112078,2395.7235035203967,2396.473159438854,231.0,20.0,0.0
2026-01-01 02:26:00+00:00,XAUUSD,M1,2396.473159438854,2397.372091303411,2395.495381498282,2396.0034819996063,76.0,20.0,0.0
2026-01-01 02:27:00+00:00,XAUUSD,M1,2396.0034819996063,2396.305389748066,2395.1645293930733,2395.9108492904734,425.0,20.0,0.0
2026-01-01 02:28:00+00:00,XAUUSD,M1,2395.9108492904734,2397.180384133565,2395.7820066246627,2396.783633475103,51.0,20.0,0.0
2026-01-01 02:29:00+00:00,XAUUSD,M1,2396.783633475103,2397.095570415385,2396.3983241848555,2396.9292723290596,356.0,20.0,0.0
2026-01-01 02:30:00+00:00,XAUUSD,M1,2396.9292723290596,2397.467913469239,2396.145236536738,2396.8223644594286,351.0,20.0,0.0
2026-01-01 02:31:00+00:00,XAUUSD,M1,2396.8223644594286,2397.720307491102,2395.7450072917427,2396.013841457168,136.0,20.0,0.0
2026-01-01 02:32:00+00:00,XAUUSD,M1,2396.013841457168,2396.6595903157704,2394.0046155241357,2394.6940951014044,382.0,20.0,0.0
2026-01-01 02:33:00+00:00,XAUUSD,M1,2394.6940951014044,2395.250026015756,2393.846496960414,2394.325048774146,128.0,20.0,0.0
2026-01-01 02:34:00+00:00,XAUUSD,M1,2394.325048774146,2394.7085625031295,2393.6142966437355,2394.3020227334914,151.0,20.0,0.0
2026-01-01 02:35:00+00:00,XAUUSD,M1,2394.3020227334914,2396.564370610598,2393.8570450413126,2395.736366664355,415.0,20.0,0.0
2026-01-01 02:36:00+00:00,XAUUSD,M1,2395.736366664355,2396.3329653882442,2395.3736479751665,2395.8605862815334,490.0,20.0,0.0
2026-01-01 02:37:00+00:00,XAUUSD,M1,2395.8605862815334,2396.830989766668,2395.6242754475265,2396.666777890352,169.0,20.0,0.0
2026-01-01 02:38:00+00:00,XAUUSD,M1,2396.666777890352,2397.027349584071,2396.060218971301,2396.2873414115206,464.0,20.0,0.0
2026-01-01 02:39:00+00:00,XAUUSD,M1,2396.2873414115206,2396.3944330800414,2394.670619209401,2395.359386398387,460.0,20.0,0.0
2026-01-01 02:40:00+00:00,XAUUSD,M1,2395.359386398387,2395.581068580422,2394.4562191927726,2394.6072929886013,396.0,20.0,0.0
2026-01-01 02:41:00+00:00,XAUUSD,M1,2394.6072929886013,2394.672311452451,2393.9240271393783,2394.0471121369724,113.0,20.0,0.0
2026-01-01 02:42:00+00:00,XAUUSD,M1,2394.0471121369724,2396.2051758519456,2393.8472644767035,2395.7698879229206,184.0,20.0,0.0
2026-01-01 02:43:00+00:00,XAUUSD,M1,2395.7698879229206,2396.3592471481297,2394.933734044805,2395.132778579541,354.0,20.0,0.0
2026-01-01 02:44:00+00:00,XAUUSD,M1,2395.132778579541,2396.1653685355523,2394.383137100155,2395.8235699425304,499.0,20.0,0.0
2026-01-01 02:45:00+00:00,XAUUSD,M1,2395.8235699425304,2396.2308944483098,2394.7324975701076,2395.1212282000606,416.0,20.0,0.0
2026-01-01 02:46:00+00:00,XAUUSD,M1,2395.1212282000606,2396.751814492278,2394.229398011304,2395.88648661036,239.0,20.0,0.0
2026-01-01 02:47:00+00:00,XAUUSD,M1,2395.88648661036,2396.903616036583,2395.719857041238,2396.2144473832445,155.0,20.0,0.0
2026-01-01 02:48:00+00:00,XAUUSD,M1,2396.2144473832445,2396.7241755246478,2395.5036282132787,2396.1091370651184,482.0,20.0,0.0
2026-01-01 02:49:00+00:00,XAUUSD,M1,2396.1091370651184,2396.4009968089636,2395.665106963089,2396.09652704421,174.0,20.0,0.0
2026-01-01 02:50:00+00:00,XAUUSD,M1,2396.09652704421,2396.9089743231666,2395.2087164376735,2395.592696887866,203.0,20.0,0.0
2026-01-01 02:51:00+00:00,XAUUSD,M1,2395.592696887866,2396.2193871984005,2394.79887531867,2395.969554649052,484.0,20.0,0.0
2026-01-01 02:52:00+00:00,XAUUSD,M1,2395.969554649052,2396.2960959699913,2394.746311565825,2395.6255678647794,302.0,20.0,0.0
2026-01-01 02:53:00+00:00,XAUUSD,M1,2395.6255678647794,2396.448272957039,2393.8731531388075,2394.6650832537657,169.0,20.0,0.0
2026-01-01 02:54:00+00:00,XAUUSD,M1,2394.6650832537657,2395.165194000758,2393.44927761713,2393.66273319431,52.0,20.0,0.0
2026-01-01 02:55:00+00:00,XAUUSD,M1,2393.66273319431,2394.501773785493,2393.4250549612825,2393.8208035284874,243.0,20.0,0.0
2026-01-01 02:56:00+00:00,XAUUSD,M1,2393.8208035284874,2395.6562096086554,2393.2131407312568,2395.104076533616,493.0,20.0,0.0
2026-01-01 02:57:00+00:00,XAUUSD,M1,2395.104076533616,2395.857493152133,2394.8083554892237,2395.252069824475,244.0,20.0,0.0
2026-01-01 02:58:00+00:00,XAUUSD,M1,2395.252069824475,2395.5565456222625,2394.502642802423,2395.1771591635866,364.0,20.0,0.0
2026-01-01 02:59:00+00:00,XAUUSD,M1,2395.1771591635866,2395.6809863276517,2394.645701610398,2395.425820075269,163.0,20.0,0.0
2026-01-01 03:00:00+00:00,XAUUSD,M1,2395.425820075269,2396.814739963728,2394.907547622052,2396.4906214686343,399.0,20.0,0.0
2026-01-01 03:01:00+00:00,XAUUSD,M1,2396.4906214686343,2396.8682527991964,2395.7363565825212,2396.6861274697253,399.0,20.0,0.0
2026-01-01 03:02:00+00:00,XAUUSD,M1,2396.6861274697253,2397.4792946802227,2395.7234328290774,2396.3773856850585,323.0,20.0,0.0
2026-01-01 03:03:00+00:00,XAUUSD,M1,2396.3773856850585,2397.573176546369,2396.3047945848107,2397.2824166531063,397.0,20.0,0.0
2026-01-01 03:04:00+00:00,XAUUSD,M1,2397.2824166531063,2398.172687789128,2397.190376386532,2397.6454218038757,310.0,20.0,0.0
2026-01-01 03:05:00+00:00,XAUUSD,M1,2397.6454218038757,2399.617204858843,2397.084097119288,2398.8940265974725,220.0,20.0,0.0
2026-01-01 03:06:00+00:00,XAUUSD,M1,2398.8940265974725,2399.776864640219,2398.4307633331937,2399.06061414725,382.0,20.0,0.0
2026-01-01 03:07:00+00:00,XAUUSD,M1,2399.06061414725,2399.4832424670467,2397.829881964832,2398.1010389218736,425.0,20.0,0.0
2026-01-01 03:08:00+00:00,XAUUSD,M1,2398.1010389218736,2398.5558576341723,2396.6206538882593,2397.026511562477,428.0,20.0,0.0
2026-01-01 03:09:00+00:00,XAUUSD,M1,2397.026511562477,2399.2627503948565,2396.332287791554,2398.367253908262,145.0,20.0,0.0
2026-01-01 03:10:00+00:00,XAUUSD,M1,2398.367253908262,2400.389594340321,2397.6146341463027,2399.7661864848887,354.0,20.0,0.0
2026-01-01 03:11:00+00:00,XAUUSD,M1,2399.7661864848887,2400.508629161539,2399.1155315065557,2399.6425711142624,51.0,20.0,0.0
2026-01-01 03:12:00+00:00,XAUUSD,M1,2399.6425711142624,2400.459741988099,2398.978457198625,2399.356021257354,307.0,20.0,0.0
2026-01-01 03:13:00+00:00,XAUUSD,M1,2399.356021257354,2401.2646280519425,2399.075929010083,2400.5451766911474,307.0,20.0,0.0
2026-01-01 03:14:00+00:00,XAUUSD,M1,2400.5451766911474,2400.752579134358,2399.185909445359,2399.679540145513,213.0,20.0,0.0
2026-01-01 03:15:00+00:00,XAUUSD,M1,2399.679540145513,2400.2073852691897,2398.6662213545683,2398.983758530348,497.0,20.0,0.0
2026-01-01 03:16:00+00:00,XAUUSD,M1,2398.983758530348,2399.6550299998166,2398.4542776638577,2399.5184199660994,447.0,20.0,0.0
2026-01-01 03:17:00+00:00,XAUUSD,M1,2399.5184199660994,2400.1234037736785,2398.5975813426785,2399.2227358678115,67.0,20.0,0.0
2026-01-01 03:18:00+00:00,XAUUSD,M1,2399.2227358678115,2400.100685388395,2399.11656853853,2399.2386383744356,143.0,20.0,0.0
2026-01-01 03:19:00+00:00,XAUUSD,M1,2399.2386383744356,2399.7244606290906,2399.0769767103466,2399.127884055616,143.0,20.0,0.0
2026-01-01 03:20:00+00:00,XAUUSD,M1,2399.127884055616,2399.835970313593,2398.897448487601,2399.417943694655,453.0,20.0,0.0
2026-01-01 03:21:00+00:00,XAUUSD,M1,2399.417943694655,2400.6443955224113,2398.607608921594,2400.563929183706,283.0,20.0,0.0
2026-01-01 03:22:00+00:00,XAUUSD,M1,2400.563929183706,2401.5222054532073,2399.964582034962,2400.6563971092273,377.0,20.0,0.0
2026-01-01 03:23:00+00:00,XAUUSD,M1,2400.6563971092273,2401.3291004253597,2400.4602308100807,2401.191548143849,414.0,20.0,0.0
2026-01-01 03:24:00+00:00,XAUUSD,M1,2401.191548143849,2401.2764653731583,2398.764686095474,2399.571410463024,395.0,20.0,0.0
2026-01-01 03:25:00+00:00,XAUUSD,M1,2399.571410463024,2399.8305670828036,2399.102973192236,2399.55243574148,90.0,20.0,0.0
2026-01-01 03:26:00+00:00,XAUUSD,M1,2399.55243574148,2399.658136610311,2398.4431735320686,2398.8978515252456,113.0,20.0,0.0
2026-01-01 03:27:00+00:00,XAUUSD,M1,2398.8978515252456,2399.334701691296,2397.0975904246407,2397.942801076907,227.0,20.0,0.0
2026-01-01 03:28:00+00:00,XAUUSD,M1,2397.942801076907,2398.4314757079756,2397.1597154950077,2397.2602791833638,202.0,20.0,0.0
2026-01-01 03:29:00+00:00,XAUUSD,M1,2397.2602791833638,2397.575963640038,2396.7800788973686,2397.012980430803,386.0,20.0,0.0
2026-01-01 03:30:00+00:00,XAUUSD,M1,2397.012980430803,2397.8590188748763,2396.4650748044214,2397.765702464688,120.0,20.0,0.0
2026-01-01 03:31:00+00:00,XAUUSD,M1,2397.765702464688,2397.9105627777,2396.508424757352,2396.7245882904963,217.0,20.0,0.0
2026-01-01 03:32:00+00:00,XAUUSD,M1,2396.7245882904963,2397.1459222058634,2396.0969903326686,2396.769093484572,156.0,20.0,0.0
2026-01-01 03:33:00+00:00,XAUUSD,M1,2396.769093484572,2396.8705426677743,2396.1697794919687,2396.401757937905,134.0,20.0,0.0
2026-01-01 03:34:00+00:00,XAUUSD,M1,2396.401757937905,2397.0452192046737,2396.0253360374063,2396.1596194624153,127.0,20.0,0.0
2026-01-01 03:35:00+00:00,XAUUSD,M1,2396.1596194624153,2397.2077931829554,2395.9336820767207,2396.9818257226593,137.0,20.0,0.0
2026-01-01 03:36:00+00:00,XAUUSD,M1,2396.9818257226593,2397.739078905728,2396.572501793528,2397.432318072262,303.0,20.0,0.0
2026-01-01 03:37:00+00:00,XAUUSD,M1,2397.432318072262,2398.907243468818,2397.2326005179652,2398.5222365582163,234.0,20.0,0.0
2026-01-01 03:38:00+00:00,XAUUSD,M1,2398.5222365582163,2398.926354746325,2398.2541437936316,2398.4186320148165,245.0,20.0,0.0
2026-01-01 03:39:00+00:00,XAUUSD,M1,2398.4186320148165,2398.4700436163403,2397.100638322194,2397.88187792548,265.0,20.0,0.0
2026-01-01 03:40:00+00:00,XAUUSD,M1,2397.88187792548,2398.0271377408285,2397.400453248918,2397.7227908719756,383.0,20.0,0.0
2026-01-01 03:41:00+00:00,XAUUSD,M1,2397.7227908719756,2398.7201381841724,2397.366145988435,2397.9367883049927,437.0,20.0,0.0
2026-01-01 03:42:00+00:00,XAUUSD,M1,2397.9367883049927,2398.1490950948905,2397.8398084569167,2398.0980469917554,286.0,20.0,0.0
2026-01-01 03:43:00+00:00,XAUUSD,M1,2398.0980469917554,2398.5799892441964,2396.896772353992,2397.250536533969,339.0,20.0,0.0
2026-01-01 03:44:00+00:00,XAUUSD,M1,2397.250536533969,2397.809005064802,2396.9754504332454,2397.342928359271,382.0,20.0,0.0
2026-01-01 03:45:00+00:00,XAUUSD,M1,2397.342928359271,2397.8786410602415,2396.77401605203,2397.5455110233825,360.0,20.0,0.0
2026-01-01 03:46:00+00:00,XAUUSD,M1,2397.5455110233825,2399.996118220534,2397.320929270361,2399.5794902534094,110.0,20.0,0.0
2026-01-01 03:47:00+00:00,XAUUSD,M1,2399.5794902534094,2401.8144599093325,2398.774379618306,2401.100965942435,492.0,20.0,0.0
2026-01-01 03:48:00+00:00,XAUUSD,M1,2401.100965942435,2401.8659890927174,2399.5981546342064,2400.438371261988,124.0,20.0,0.0
2026-01-01 03:49:00+00:00,XAUUSD,M1,2400.438371261988,2400.709667523891,2400.093608174148,2400.228464572748,235.0,20.0,0.0
2026-01-01 03:50:00+00:00,XAUUSD,M1,2400.228464572748,2400.552581447571,2398.9364184584333,2399.0777109712785,343.0,20.0,0.0
2026-01-01 03:51:00+00:00,XAUUSD,M1,2399.0777109712785,2399.3338213963525,2398.4771178877136,2398.625145360108,231.0,20.0,0.0
2026-01-01 03:52:00+00:00,XAUUSD,M1,2398.625145360108,2399.355513253449,2398.0485114922444,2398.8976293629803,159.0,20.0,0.0
2026-01-01 03:53:00+00:00,XAUUSD,M1,2398.8976293629803,2400.513081863701,2398.7439557434022,2399.882312259691,465.0,20.0,0.0
2026-01-01 03:54:00+00:00,XAUUSD,M1,2399.882312259691,2400.126327203835,2398.544520219255,2399.3190451894957,82.0,20.0,0.0
2026-01-01 03:55:00+00:00,XAUUSD,M1,2399.3190451894957,2399.650170570242,2398.1245972497445,2398.8157280374417,160.0,20.0,0.0
2026-01-01 03:56:00+00:00,XAUUSD,M1,2398.8157280374417,2399.6565549623924,2396.371059284148,2397.1178968136505,496.0,20.0,0.0
2026-01-01 03:57:00+00:00,XAUUSD,M1,2397.1178968136505,2397.2091807100205,2396.5106126293617,2397.0077640772147,378.0,20.0,0.0
2026-01-01 03:58:00+00:00,XAUUSD,M1,2397.0077640772147,2397.4494182416684,2395.2806569179356,2396.177832547727,89.0,20.0,0.0
2026-01-01 03:59:00+00:00,XAUUSD,M1,2396.177832547727,2396.8326568830844,2395.6867321683317,2395.7742810058344,389.0,20.0,0.0
2026-01-01 04:00:00+00:00,XAUUSD,M1,2395.7742810058344,2395.9521669156584,2394.7017171637417,2395.0927923833,486.0,20.0,0.0
2026-01-01 04:01:00+00:00,XAUUSD,M1,2395.0927923833,2395.1830603003045,2394.712036171301,2395.037382339898,94.0,20.0,0.0
2026-01-01 04:02:00+00:00,XAUUSD,M1,2395.037382339898,2395.204856905791,2392.794850952907,2393.6511996268127,236.0,20.0,0.0
2026-01-01 04:03:00+00:00,XAUUSD,M1,2393.6511996268127,2394.482199341314,2391.9572316157773,2392.4975634305,260.0,20.0,0.0
2026-01-01 04:04:00+00:00,XAUUSD,M1,2392.4975634305,2394.278831934671,2391.762301109872,2394.220961120123,108.0,20.0,0.0
2026-01-01 04:05:00+00:00,XAUUSD,M1,2394.220961120123,2394.4310347987125,2393.0162330404937,2393.2110230551034,140.0,20.0,0.0
2026-01-01 04:06:00+00:00,XAUUSD,M1,2393.2110230551034,2393.28761404107,2391.4717555700245,2392.35359459234,128.0,20.0,0.0
2026-01-01 04:07:00+00:00,XAUUSD,M1,2392.35359459234,2393.9871604624245,2391.879750977495,2393.843125414997,133.0,20.0,0.0
2026-01-01 04:08:00+00:00,XAUUSD,M1,2393.843125414997,2396.764306044023,2393.373504150167,2396.187179150389,231.0,20.0,0.0
2026-01-01 04:09:00+00:00,XAUUSD,M1,2396.187179150389,2396.4425722228175,2394.394673828065,2395.269925847329,258.0,20.0,0.0
2026-01-01 04:10:00+00:00,XAUUSD,M1,2395.269925847329,2395.803756090195,2394.6217041748637,2394.9953266818984,157.0,20.0,0.0
2026-01-01 04:11:00+00:00,XAUUSD,M1,2394.9953266818984,2395.840237198002,2394.6074304110266,2395.288571122651,180.0,20.0,0.0
2026-01-01 04:12:00+00:00,XAUUSD,M1,2395.288571122651,2397.463549271302,2394.741531325267,2396.6915292381755,136.0,20.0,0.0
2026-01-01 04:13:00+00:00,XAUUSD,M1,2396.6915292381755,2396.7455594221506,2395.763198856467,2395.922043575433,408.0,20.0,0.0
2026-01-01 04:14:00+00:00,XAUUSD,M1,2395.922043575433,2396.697407615874,2395.422898516229,2395.745821298679,145.0,20.0,0.0
2026-01-01 04:15:00+00:00,XAUUSD,M1,2395.745821298679,2396.9639425829914,2395.5315942246007,2396.3876913595286,458.0,20.0,0.0
2026-01-01 04:16:00+00:00,XAUUSD,M1,2396.3876913595286,2396.943836182291,2396.2499004022875,2396.7555042191016,292.0,20.0,0.0
2026-01-01 04:17:00+00:00,XAUUSD,M1,2396.7555042191016,2397.4625009990164,2395.688356446736,2396.4745793621178,411.0,20.0,0.0
2026-01-01 04:18:00+00:00,XAUUSD,M1,2396.4745793621178,2397.2517471726396,2395.8365894992967,2396.387520990505,336.0,20.0,0.0
2026-01-01 04:19:00+00:00,XAUUSD,M1,2396.387520990505,2396.653644951696,2394.95273247101,2395.307604343809,169.0,20.0,0.0
2026-01-01 04:20:00+00:00,XAUUSD,M1,2395.307604343809,2396.1385789725764,2394.7396963778674,2395.137065348629,320.0,20.0,0.0
2026-01-01 04:21:00+00:00,XAUUSD,M1,2395.137065348629,2395.573354164383,2394.5271642034877,2394.943955356622,173.0,20.0,0.0
2026-01-01 04:22:00+00:00,XAUUSD,M1,2394.943955356622,2395.712602054506,2394.355778551799,2395.149691268323,103.0,20.0,0.0
2026-01-01 04:23:00+00:00,XAUUSD,M1,2395.149691268323,2396.0366433718978,2393.887675510502,2394.7254294932677,164.0,20.0,0.0
2026-01-01 04:24:00+00:00,XAUUSD,M1,2394.7254294932677,2395.479965978147,2393.882566816559,2395.1226603113037,174.0,20.0,0.0
2026-01-01 04:25:00+00:00,XAUUSD,M1,2395.1226603113037,2396.6940184095065,2394.7398921287026,2395.9528329655595,110.0,20.0,0.0
2026-01-01 04:26:00+00:00,XAUUSD,M1,2395.9528329655595,2396.417815677849,2395.6229598749014,2396.0971764276946,60.0,20.0,0.0
2026-01-01 04:27:00+00:00,XAUUSD,M1,2396.0971764276946,2397.127913048319,2395.663786902537,2396.398581554414,474.0,20.0,0.0
2026-01-01 04:28:00+00:00,XAUUSD,M1,2396.398581554414,2397.0217296635096,2395.86583745855,2396.4611058324763,281.0,20.0,0.0
2026-01-01 04:29:00+00:00,XAUUSD,M1,2396.4611058324763,2396.715075687891,2396.018560607744,2396.481173346949,230.0,20.0,0.0
2026-01-01 04:30:00+00:00,XAUUSD,M1,2396.481173346949,2396.88309552667,2395.3139865217704,2395.923926920115,468.0,20.0,0.0
2026-01-01 04:31:00+00:00,XAUUSD,M1,2395.923926920115,2396.5171126186624,2395.402687750242,2396.1971223294536,151.0,20.0,0.0
2026-01-01 04:32:00+00:00,XAUUSD,M1,2396.1971223294536,2396.3135144635717,2395.816684836033,2396.1392930507227,231.0,20.0,0.0
2026-01-01 04:33:00+00:00,XAUUSD,M1,2396.1392930507227,2397.9091872524523,2395.7954218658247,2397.8338276978675,431.0,20.0,0.0
2026-01-01 04:34:00+00:00,XAUUSD,M1,2397.8338276978675,2399.4570184769436,2397.462023828442,2399.1125116198477,334.0,20.0,0.0
2026-01-01 04:35:00+00:00,XAUUSD,M1,2399.1125116198477,2399.507367887538,2398.9820678168358,2399.441188861893,229.0,20.0,0.0
2026-01-01 04:36:00+00:00,XAUUSD,M1,2399.441188861893,2399.6318534558372,2398.6595898565847,2398.8507430941368,165.0,20.0,0.0
2026-01-01 04:37:00+00:00,XAUUSD,M1,2398.8507430941368,2399.51714891686,2397.3161671847265,2397.9808139165502,65.0,20.0,0.0
2026-01-01 04:38:00+00:00,XAUUSD,M1,2397.9808139165502,2399.605605829352,2397.6000817117565,2398.953728279021,88.0,20.0,0.0
2026-01-01 04:39:00+00:00,XAUUSD,M1,2398.953728279021,2399.861720987628,2398.721370152345,2399.183927659139,122.0,20.0,0.0
2026-01-01 04:40:00+00:00,XAUUSD,M1,2399.183927659139,2399.9076225773124,2398.6556561101506,2399.588042381852,403.0,20.0,0.0
2026-01-01 04:41:00+00:00,XAUUSD,M1,2399.588042381852,2400.3945589204022,2397.52016498117,2398.212373592273,337.0,20.0,0.0
2026-01-01 04:42:00+00:00,XAUUSD,M1,2398.212373592273,2399.529080343344,2397.943564584279,2398.9743243775197,245.0,20.0,0.0
2026-01-01 04:43:00+00:00,XAUUSD,M1,2398.9743243775197,2399.514983038576,2398.2215529778846,2399.357860648091,402.0,20.0,0.0
2026-01-01 04:44:00+00:00,XAUUSD,M1,2399.357860648091,2399.530021510328,2397.651136969878,2398.4895161005593,122.0,20.0,0.0
2026-01-01 04:45:00+00:00,XAUUSD,M1,2398.4895161005593,2399.1286472134493,2397.5745109048867,2398.1322962545996,144.0,20.0,0.0
2026-01-01 04:46:00+00:00,XAUUSD,M1,2398.1322962545996,2398.5602723640604,2397.5136907444567,2398.3632700180847,226.0,20.0,0.0
2026-01-01 04:47:00+00:00,XAUUSD,M1,2398.3632700180847,2398.9064422531146,2398.26858042631,2398.4252434567697,462.0,20.0,0.0
2026-01-01 04:48:00+00:00,XAUUSD,M1,2398.4252434567697,2399.318251761309,2397.357814600758,2398.2115065081266,326.0,20.0,0.0
2026-01-01 04:49:00+00:00,XAUUSD,M1,2398.2115065081266,2398.26491297215,2397.7651038695485,2398.148715893674,432.0,20.0,0.0
2026-01-01 04:50:00+00:00,XAUUSD,M1,2398.148715893674,2398.212808725287,2397.1318186506446,2397.9671339911083,161.0,20.0,0.0
2026-01-01 04:51:00+00:00,XAUUSD,M1,2397.9671339911083,2399.0033058954314,2397.4250030950707,2398.1091840007903,431.0,20.0,0.0
2026-01-01 04:52:00+00:00,XAUUSD,M1,2398.1091840007903,2399.853320588199,2398.0552580217736,2399.306377579185,82.0,20.0,0.0
2026-01-01 04:53:00+00:00,XAUUSD,M1,2399.306377579185,2399.464251058376,2397.190290127015,2397.27305082644,152.0,20.0,0.0
2026-01-01 04:54:00+00:00,XAUUSD,M1,2397.27305082644,2398.0857576962308,2396.475214630013,2397.1035706148323,285.0,20.0,0.0
2026-01-01 04:55:00+00:00,XAUUSD,M1,2397.1035706148323,2398.0631038070387,2396.575302803075,2397.26478055193,72.0,20.0,0.0
2026-01-01 04:56:00+00:00,XAUUSD,M1,2397.26478055193,2398.0273460948247,2397.192227980305,2397.52157574368,436.0,20.0,0.0
2026-01-01 04:57:00+00:00,XAUUSD,M1,2397.52157574368,2398.1000989690615,2396.562103111584,2397.2440440786227,440.0,20.0,0.0
2026-01-01 04:58:00+00:00,XAUUSD,M1,2397.2440440786227,2397.5262531913986,2395.084343116131,2395.85866665264,293.0,20.0,0.0
2026-01-01 04:59:00+00:00,XAUUSD,M1,2395.85866665264,2396.2340047815273,2395.3867117925665,2396.1410630396113,187.0,20.0,0.0
2026-01-01 05:00:00+00:00,XAUUSD,M1,2396.1410630396113,2398.0983256785,2395.6951692153075,2397.5429432109427,94.0,20.0,0.0
2026-01-01 05:01:00+00:00,XAUUSD,M1,2397.5429432109427,2397.843485125165,2396.2812019445,2396.3358540870095,328.0,20.0,0.0
2026-01-01 05:02:00+00:00,XAUUSD,M1,2396.3358540870095,2397.660994387629,2395.61720183139,2397.046916497968,291.0,20.0,0.0
2026-01-01 05:03:00+00:00,XAUUSD,M1,2397.046916497968,2397.8077248982845,2396.4729876627357,2396.80409631947,391.0,20.0,0.0
2026-01-01 05:04:00+00:00,XAUUSD,M1,2396.80409631947,2396.8695327817973,2395.978087765992,2396.775036842807,321.0,20.0,0.0
2026-01-01 05:05:00+00:00,XAUUSD,M1,2396.775036842807,2397.3313935512897,2395.5856165348196,2395.952718034244,107.0,20.0,0.0
2026-01-01 05:06:00+00:00,XAUUSD,M1,2395.952718034244,2396.1993064929775,2395.174836872323,2395.705153096359,104.0,20.0,0.0
2026-01-01 05:07:00+00:00,XAUUSD,M1,2395.705153096359,2397.5579939953363,2395.4253625763895,2396.765188772118,401.0,20.0,0.0
2026-01-01 05:08:00+00:00,XAUUSD,M1,2396.765188772118,2397.516927796286,2396.578688706421,2397.251312965708,121.0,20.0,0.0
2026-01-01 05:09:00+00:00,XAUUSD,M1,2397.251312965708,2399.2263168632867,2396.542641247834,2398.6571622500364,472.0,20.0,0.0
2026-01-01 05:10:00+00:00,XAUUSD,M1,2398.6571622500364,2400.1396014752945,2398.185060343017,2399.6190917612184,97.0,20.0,0.0
2026-01-01 05:11:00+00:00,XAUUSD,M1,2399.6190917612184,2400.377102629412,2399.113077026029,2399.990361104362,377.0,20.0,0.0
2026-01-01 05:12:00+00:00,XAUUSD,M1,2399.990361104362,2402.031486374356,2399.1197575439023,2401.4055087252964,488.0,20.0,0.0
2026-01-01 05:13:00+00:00,XAUUSD,M1,2401.4055087252964,2402.443607441795,2400.5364657999075,2401.776703252287,248.0,20.0,0.0
2026-01-01 05:14:00+00:00,XAUUSD,M1,2401.776703252287,2402.9909909197463,2400.99940744884,2402.4590937937246,75.0,20.0,0.0
2026-01-01 05:15:00+00:00,XAUUSD,M1,2402.4590937937246,2403.1537526953316,2402.032369132047,2402.241837030897,444.0,20.0,0.0
2026-01-01 05:16:00+00:00,XAUUSD,M1,2402.241837030897,2403.2009781981783,2401.6867052407406,2402.315073683584,134.0,20.0,0.0
2026-01-01 05:17:00+00:00,XAUUSD,M1,2402.315073683584,2402.7214552133,2400.980709313987,2401.777134624944,287.0,20.0,0.0
2026-01-01 05:18:00+00:00,XAUUSD,M1,2401.777134624944,2403.076197366722,2401.4088402789625,2402.5888017726197,493.0,20.0,0.0
2026-01-01 05:19:00+00:00,XAUUSD,M1,2402.5888017726197,2402.6494011688696,2401.5302186330828,2401.666158874128,385.0,20.0,0.0
2026-01-01 05:20:00+00:00,XAUUSD,M1,2401.666158874128,2403.038663420926,2400.926840407224,2402.312039148062,70.0,20.0,0.0
2026-01-01 05:21:00+00:00,XAUUSD,M1,2402.312039148062,2402.804234705051,2401.7200192834002,2402.179518302058,419.0,20.0,0.0
2026-01-01 05:22:00+00:00,XAUUSD,M1,2402.179518302058,2403.5332831926385,2401.6497845237527,2403.136515976832,122.0,20.0,0.0
2026-01-01 05:23:00+00:00,XAUUSD,M1,2403.136515976832,2403.8871723364427,2402.2516933249617,2403.757211167817,387.0,20.0,0.0
2026-01-01 05:24:00+00:00,XAUUSD,M1,2403.757211167817,2406.0399360523584,2403.191081451897,2405.233728093934,329.0,20.0,0.0
2026-01-01 05:25:00+00:00,XAUUSD,M1,2405.233728093934,2406.22410400088,2404.822495616118,2405.8383478468454,179.0,20.0,0.0
2026-01-01 05:26:00+00:00,XAUUSD,M1,2405.8383478468454,2406.468542205323,2404.2362289296525,2404.6007156423225,240.0,20.0,0.0
2026-01-01 05:27:00+00:00,XAUUSD,M1,2404.6007156423225,2404.7776836752355,2404.162176705248,2404.567153104004,103.0,20.0,0.0
2026-01-01 05:28:00+00:00,XAUUSD,M1,2404.567153104004,2405.434470289114,2403.498908129226,2403.649547349928,494.0,20.0,0.0
2026-01-01 05:29:00+00:00,XAUUSD,M1,2403.649547349928,2403.8512228474765,2402.5293855013806,2403.2549234760354,157.0,20.0,0.0
2026-01-01 05:30:00+00:00,XAUUSD,M1,2403.2549234760354,2404.703516916621,2402.4928641465763,2404.4839062226565,188.0,20.0,0.0
2026-01-01 05:31:00+00:00,XAUUSD,M1,2404.4839062226565,2405.794068702849,2404.192168658269,2405.0139332713748,276.0,20.0,0.0
2026-01-01 05:32:00+00:00,XAUUSD,M1,2405.0139332713748,2405.8396286038956,2404.1665618028633,2404.4747889285118,352.0,20.0,0.0
2026-01-01 05:33:00+00:00,XAUUSD,M1,2404.4747889285118,2404.7051142249065,2402.8906309174745,2403.683815035359,277.0,20.0,0.0
2026-01-01 05:34:00+00:00,XAUUSD,M1,2403.683815035359,2404.179371464609,2403.6134402331604,2403.7300407096604,277.0,20.0,0.0
2026-01-01 05:35:00+00:00,XAUUSD,M1,2403.7300407096604,2404.403511378539,2402.2844037629534,2402.7767925901553,312.0,20.0,0.0
2026-01-01 05:36:00+00:00,XAUUSD,M1,2402.7767925901553,2403.5734034638945,2401.815756010759,2402.259880368238,435.0,20.0,0.0
2026-01-01 05:37:00+00:00,XAUUSD,M1,2402.259880368238,2402.9016827362607,2401.6232726140965,2402.529487945479,227.0,20.0,0.0
2026-01-01 05:38:00+00:00,XAUUSD,M1,2402.529487945479,2403.963204138187,2402.340605000352,2403.473737574365,424.0,20.0,0.0
2026-01-01 05:39:00+00:00,XAUUSD,M1,2403.473737574365,2404.6612057010857,2402.855656444689,2403.980746752144,404.0,20.0,0.0
2026-01-01 05:40:00+00:00,XAUUSD,M1,2403.980746752144,2404.652212332299,2401.7974912385716,2402.1677151452654,482.0,20.0,0.0
2026-01-01 05:41:00+00:00,XAUUSD,M1,2402.1677151452654,2403.146724639012,2401.5918075838213,2402.43120852849,460.0,20.0,0.0
2026-01-01 05:42:00+00:00,XAUUSD,M1,2402.43120852849,2403.0432791329213,2402.3471277700983,2402.508835387076,409.0,20.0,0.0
2026-01-01 05:43:00+00:00,XAUUSD,M1,2402.508835387076,2402.998870447658,2402.066367269469,2402.859947615374,161.0,20.0,0.0
2026-01-01 05:44:00+00:00,XAUUSD,M1,2402.859947615374,2404.9912926579414,2402.366034355489,2404.1729153606952,398.0,20.0,0.0
2026-01-01 05:45:00+00:00,XAUUSD,M1,2404.1729153606952,2404.9586520191183,2402.3101472968247,2402.5423247392514,381.0,20.0,0.0
2026-01-01 05:46:00+00:00,XAUUSD,M1,2402.5423247392514,2403.270707559697,2401.920761893046,2402.089441999098,180.0,20.0,0.0
2026-01-01 05:47:00+00:00,XAUUSD,M1,2402.089441999098,2402.71705016292,2401.8792388415377,2402.582167057333,355.0,20.0,0.0
2026-01-01 05:48:00+00:00,XAUUSD,M1,2402.582167057333,2402.8059048193522,2400.994371621416,2401.33689153777,163.0,20.0,0.0
2026-01-01 05:49:00+00:00,XAUUSD,M1,2401.33689153777,2403.219711086554,2401.204602910861,2402.5376507762126,285.0,20.0,0.0
2026-01-01 05:50:00+00:00,XAUUSD,M1,2402.5376507762126,2402.922005146768,2401.6824289498422,2402.852336066373,408.0,20.0,0.0
2026-01-01 05:51:00+00:00,XAUUSD,M1,2402.852336066373,2404.4319441936996,2402.4580911141015,2403.549603255048,134.0,20.0,0.0
2026-01-01 05:52:00+00:00,XAUUSD,M1,2403.549603255048,2403.9201762333505,2402.3752241636994,2403.1128483258303,201.0,20.0,0.0
2026-01-01 05:53:00+00:00,XAUUSD,M1,2403.1128483258303,2404.4452749314405,2402.234593771188,2403.7838592778035,407.0,20.0,0.0
2026-01-01 05:54:00+00:00,XAUUSD,M1,2403.7838592778035,2405.4630719478096,2403.665234289801,2404.658636522595,254.0,20.0,0.0
2026-01-01 05:55:00+00:00,XAUUSD,M1,2404.658636522595,2405.2503743436323,2404.05471747485,2404.8649389387047,482.0,20.0,0.0
2026-01-01 05:56:00+00:00,XAUUSD,M1,2404.8649389387047,2405.3937222681734,2404.074241214975,2405.0724596528635,53.0,20.0,0.0
2026-01-01 05:57:00+00:00,XAUUSD,M1,2405.0724596528635,2405.876164203852,2404.4833603839916,2405.3087342442886,374.0,20.0,0.0
2026-01-01 05:58:00+00:00,XAUUSD,M1,2405.3087342442886,2405.8525752119745,2404.2233858293434,2404.638058032497,416.0,20.0,0.0
2026-01-01 05:59:00+00:00,XAUUSD,M1,2404.638058032497,2405.0358270134784,2404.123620184313,2404.540035088305,463.0,20.0,0.0
2026-01-01 06:00:00+00:00,XAUUSD,M1,2404.540035088305,2405.1015436307925,2404.357503009237,2404.438017062343,120.0,20.0,0.0
2026-01-01 06:01:00+00:00,XAUUSD,M1,2404.438017062343,2405.6098063179575,2403.9336064237473,2404.764732153826,492.0,20.0,0.0
2026-01-01 06:02:00+00:00,XAUUSD,M1,2404.764732153826,2406.032085769487,2403.8702206065573,2405.584591551354,226.0,20.0,0.0
2026-01-01 06:03:00+00:00,XAUUSD,M1,2405.584591551354,2405.801822404992,2403.8928612886953,2404.7577626857715,208.0,20.0,0.0
2026-01-01 06:04:00+00:00,XAUUSD,M1,2404.7577626857715,2405.128387771222,2404.5934161170003,2404.677755461516,209.0,20.0,0.0
2026-01-01 06:05:00+00:00,XAUUSD,M1,2404.677755461516,2406.267910834847,2404.027828008431,2405.8829198996427,337.0,20.0,0.0
2026-01-01 06:06:00+00:00,XAUUSD,M1,2405.8829198996427,2406.044362288715,2405.001549179901,2405.308049316593,346.0,20.0,0.0
2026-01-01 06:07:00+00:00,XAUUSD,M1,2405.308049316593,2405.4964900920645,2403.8527085223654,2404.6702493027606,263.0,20.0,0.0
2026-01-01 06:08:00+00:00,XAUUSD,M1,2404.6702493027606,2405.48397201861,2404.5819017689078,2404.8520942562254,81.0,20.0,0.0
2026-01-01 06:09:00+00:00,XAUUSD,M1,2404.8520942562254,2405.886158499691,2404.006601269516,2405.547602408614,493.0,20.0,0.0
2026-01-01 06:10:00+00:00,XAUUSD,M1,2405.547602408614,2406.43840688614,2404.7857480263942,2405.5767432530624,149.0,20.0,0.0
2026-01-01 06:11:00+00:00,XAUUSD,M1,2405.5767432530624,2406.9169689589667,2405.4268645281477,2406.659911725412,92.0,20.0,0.0
2026-01-01 06:12:00+00:00,XAUUSD,M1,2406.659911725412,2407.4994327408044,2406.559061038692,2407.365346911465,318.0,20.0,0.0
2026-01-01 06:13:00+00:00,XAUUSD,M1,2407.365346911465,2408.749281843527,2406.605845396787,2408.058802964977,235.0,20.0,0.0
2026-01-01 06:14:00+00:00,XAUUSD,M1,2408.058802964977,2409.320976810167,2407.8764089446486,2408.5220961660366,327.0,20.0,0.0
2026-01-01 06:15:00+00:00,XAUUSD,M1,2408.5220961660366,2410.6906149996544,2408.0174327360073,2410.4042186463134,443.0,20.0,0.0
2026-01-01 06:16:00+00:00,XAUUSD,M1,2410.4042186463134,2410.625993532712,2409.4317061660236,2410.2600892952205,93.0,20.0,0.0
2026-01-01 06:17:00+00:00,XAUUSD,M1,2410.2600892952205,2410.467990509861,2408.14494056505,2408.677271461567,177.0,20.0,0.0
2026-01-01 06:18:00+00:00,XAUUSD,M1,2408.677271461567,2410.4743854069425,2408.2896231553154,2409.980674950781,282.0,20.0,0.0
2026-01-01 06:19:00+00:00,XAUUSD,M1,2409.980674950781,2410.4288290958407,2409.2062517593895,2409.6345154060155,404.0,20.0,0.0
2026-01-01 06:20:00+00:00,XAUUSD,M1,2409.6345154060155,2410.0113436253664,2409.530865810917,2409.74081976149,320.0,20.0,0.0
2026-01-01 06:21:00+00:00,XAUUSD,M1,2409.74081976149,2410.8968574588193,2408.8673802883327,2410.8084603093785,222.0,20.0,0.0
2026-01-01 06:22:00+00:00,XAUUSD,M1,2410.8084603093785,2411.2677279486556,2409.2325966192125,2409.5466526765313,324.0,20.0,0.0
2026-01-01 06:23:00+00:00,XAUUSD,M1,2409.5466526765313,2410.4120851720213,2408.354375937324,2408.5653349052463,490.0,20.0,0.0
2026-01-01 06:24:00+00:00,XAUUSD,M1,2408.5653349052463,2409.1699762258863,2407.011172348987,2407.3043125555514,266.0,20.0,0.0
2026-01-01 06:25:00+00:00,XAUUSD,M1,2407.3043125555514,2407.775493128686,2405.8192863078734,2406.689003523531,447.0,20.0,0.0
2026-01-01 06:26:00+00:00,XAUUSD,M1,2406.689003523531,2407.20480107127,2406.558860378066,2407.0607128083448,400.0,20.0,0.0
2026-01-01 06:27:00+00:00,XAUUSD,M1,2407.0607128083448,2407.764633929562,2406.2735052239186,2407.500063082595,185.0,20.0,0.0
2026-01-01 06:28:00+00:00,XAUUSD,M1,2407.500063082595,2408.041640283196,2406.848395772354,2407.741082426058,162.0,20.0,0.0
2026-01-01 06:29:00+00:00,XAUUSD,M1,2407.741082426058,2408.441165445774,2405.8753534166585,2406.630869718944,396.0,20.0,0.0
2026-01-01 06:30:00+00:00,XAUUSD,M1,2406.630869718944,2407.4260738966186,2403.9232740603247,2404.8027869696375,143.0,20.0,0.0
2026-01-01 06:31:00+00:00,XAUUSD,M1,2404.8027869696375,2405.682665413481,2404.036955512448,2404.86626983795,201.0,20.0,0.0
2026-01-01 06:32:00+00:00,XAUUSD,M1,2404.86626983795,2405.753153154963,2403.6569740124532,2404.5088490110393,155.0,20.0,0.0
2026-01-01 06:33:00+00:00,XAUUSD,M1,2404.5088490110393,2405.7813693090516,2404.350954042767,2404.8963576284127,322.0,20.0,0.0
2026-01-01 06:34:00+00:00,XAUUSD,M1,2404.8963576284127,2406.3379697922423,2404.169937348021,2405.4779205293894,182.0,20.0,0.0
2026-01-01 06:35:00+00:00,XAUUSD,M1,2405.4779205293894,2405.7195624944643,2404.9640961894206,2405.6085136750366,346.0,20.0,0.0
2026-01-01 06:36:00+00:00,XAUUSD,M1,2405.6085136750366,2406.4037446488755,2405.0965424192186,2406.236620143337,470.0,20.0,0.0
2026-01-01 06:37:00+00:00,XAUUSD,M1,2406.236620143337,2406.7487857901338,2405.4225368034645,2406.439989242629,423.0,20.0,0.0
2026-01-01 06:38:00+00:00,XAUUSD,M1,2406.439989242629,2407.404004523065,2405.5639559967794,2406.88404100711,476.0,20.0,0.0
2026-01-01 06:39:00+00:00,XAUUSD,M1,2406.88404100711,2407.01647221251,2405.691189822228,2406.3403023968144,61.0,20.0,0.0
2026-01-01 06:40:00+00:00,XAUUSD,M1,2406.3403023968144,2407.109229810946,2405.7561156346983,2406.2166132657494,254.0,20.0,0.0
2026-01-01 06:41:00+00:00,XAUUSD,M1,2406.2166132657494,2406.9682768952907,2405.778669986533,2406.394034143075,149.0,20.0,0.0
2026-01-01 06:42:00+00:00,XAUUSD,M1,2406.394034143075,2407.581466665366,2406.015643904435,2407.070456923409,463.0,20.0,0.0
2026-01-01 06:43:00+00:00,XAUUSD,M1,2407.070456923409,2407.2609715482713,2406.4181048104924,2406.7754639856294,370.0,20.0,0.0
2026-01-01 06:44:00+00:00,XAUUSD,M1,2406.7754639856294,2407.477664943455,2406.3926831701974,2407.2123977902147,194.0,20.0,0.0
2026-01-01 06:45:00+00:00,XAUUSD,M1,2407.2123977902147,2407.3986630114496,2406.8934365067194,2407.0197267566828,303.0,20.0,0.0
2026-01-01 06:46:00+00:00,XAUUSD,M1,2407.0197267566828,2407.7938699408082,2406.829872350349,2406.9456930228203,322.0,20.0,0.0
2026-01-01 06:47:00+00:00,XAUUSD,M1,2406.9456930228203,2408.1759019374913,2406.2328036555286,2407.6293082564393,273.0,20.0,0.0
2026-01-01 06:48:00+00:00,XAUUSD,M1,2407.6293082564393,2408.304168269831,2405.6256980006137,2406.054859959596,263.0,20.0,0.0
2026-01-01 06:49:00+00:00,XAUUSD,M1,2406.054859959596,2406.3564878930692,2404.196600281873,2405.037682097136,74.0,20.0,0.0
2026-01-01 06:50:00+00:00,XAUUSD,M1,2405.037682097136,2405.403246838661,2403.301545921877,2403.8719337791817,253.0,20.0,0.0
2026-01-01 06:51:00+00:00,XAUUSD,M1,2403.8719337791817,2404.266060498944,2401.9451412984463,2402.025040883303,206.0,20.0,0.0
2026-01-01 06:52:00+00:00,XAUUSD,M1,2402.025040883303,2402.7210536092857,2401.318534491059,2401.502429331179,418.0,20.0,0.0
2026-01-01 06:53:00+00:00,XAUUSD,M1,2401.502429331179,2402.8284764904847,2401.277482507118,2402.1219764509615,439.0,20.0,0.0
2026-01-01 06:54:00+00:00,XAUUSD,M1,2402.1219764509615,2402.3477679493485,2401.034693577124,2401.914069197855,387.0,20.0,0.0
2026-01-01 06:55:00+00:00,XAUUSD,M1,2401.914069197855,2402.9426092916365,2401.6781706056263,2402.092301263409,63.0,20.0,0.0
2026-01-01 06:56:00+00:00,XAUUSD,M1,2402.092301263409,2403.1362322976047,2401.603908938564,2402.9836752607775,428.0,20.0,0.0
2026-01-01 06:57:00+00:00,XAUUSD,M1,2402.9836752607775,2404.8775279366514,2402.1379248688836,2404.0658241665915,228.0,20.0,0.0
2026-01-01 06:58:00+00:00,XAUUSD,M1,2404.0658241665915,2404.201160465394,2403.1498999983833,2404.0305138188105,237.0,20.0,0.0
2026-01-01 06:59:00+00:00,XAUUSD,M1,2404.0305138188105,2405.408241369945,2403.7796074487346,2405.133382530466,475.0,20.0,0.0
2026-01-01 07:00:00+00:00,XAUUSD,M1,2405.133382530466,2405.9965906128714,2405.0416325332785,2405.2270838572135,440.0,20.0,0.0
2026-01-01 07:01:00+00:00,XAUUSD,M1,2405.2270838572135,2405.4296521187075,2404.396603720494,2404.5771652781514,72.0,20.0,0.0
2026-01-01 07:02:00+00:00,XAUUSD,M1,2404.5771652781514,2404.978698019765,2404.0178157894957,2404.1216449963927,211.0,20.0,0.0
2026-01-01 07:03:00+00:00,XAUUSD,M1,2404.1216449963927,2404.5540254013454,2402.741360181412,2402.9572157863404,387.0,20.0,0.0
2026-01-01 07:04:00+00:00,XAUUSD,M1,2402.9572157863404,2403.21568591341,2401.7334244458557,2402.2667087033537,292.0,20.0,0.0
2026-01-01 07:05:00+00:00,XAUUSD,M1,2402.2667087033537,2402.920417124489,2401.1747138760425,2402.0002953528938,165.0,20.0,0.0
2026-01-01 07:06:00+00:00,XAUUSD,M1,2402.0002953528938,2403.4367978203886,2401.4936593017537,2402.663163368397,286.0,20.0,0.0
2026-01-01 07:07:00+00:00,XAUUSD,M1,2402.663163368397,2404.853168102207,2402.081072245203,2404.0597792333297,439.0,20.0,0.0
2026-01-01 07:08:00+00:00,XAUUSD,M1,2404.0597792333297,2404.3982030572056,2402.7524468571596,2402.974034021028,150.0,20.0,0.0
2026-01-01 07:09:00+00:00,XAUUSD,M1,2402.974034021028,2403.8095188307807,2402.243537943455,2403.308295995636,385.0,20.0,0.0
2026-01-01 07:10:00+00:00,XAUUSD,M1,2403.308295995636,2403.569441438922,2401.92074027208,2402.49586084431,380.0,20.0,0.0
2026-01-01 07:11:00+00:00,XAUUSD,M1,2402.49586084431,2403.153695541398,2401.711344539496,2402.8956185150805,448.0,20.0,0.0
2026-01-01 07:12:00+00:00,XAUUSD,M1,2402.8956185150805,2403.082684468505,2401.9542325535754,2402.81074919453,184.0,20.0,0.0
2026-01-01 07:13:00+00:00,XAUUSD,M1,2402.81074919453,2403.6597653537165,2401.0203088744593,2401.3660245338524,147.0,20.0,0.0
2026-01-01 07:14:00+00:00,XAUUSD,M1,2401.3660245338524,2402.933452631422,2401.2390323340974,2402.128662127107,296.0,20.0,0.0
2026-01-01 07:15:00+00:00,XAUUSD,M1,2402.128662127107,2402.8394170334354,2401.422621942631,2401.66466155686,289.0,20.0,0.0
2026-01-01 07:16:00+00:00,XAUUSD,M1,2401.66466155686,2402.1546738499546,2400.8353760353366,2401.257541366161,234.0,20.0,0.0
2026-01-01 07:17:00+00:00,XAUUSD,M1,2401.257541366161,2401.7245580943463,2399.5678998330786,2400.4217394371294,400.0,20.0,0.0
2026-01-01 07:18:00+00:00,XAUUSD,M1,2400.4217394371294,2400.9220232533844,2399.546749466762,2399.9183128157792,409.0,20.0,0.0
2026-01-01 07:19:00+00:00,XAUUSD,M1,2399.9183128157792,2400.786707979876,2399.213155584164,2400.2806251683355,160.0,20.0,0.0
2026-01-01 07:20:00+00:00,XAUUSD,M1,2400.2806251683355,2400.7000037903285,2399.639824507241,2400.149229695586,407.0,20.0,0.0
2026-01-01 07:21:00+00:00,XAUUSD,M1,2400.149229695586,2400.5941509053705,2399.9438422407197,2400.4321592974125,153.0,20.0,0.0
2026-01-01 07:22:00+00:00,XAUUSD,M1,2400.4321592974125,2400.8985110554936,2400.109535296302,2400.7416967805552,233.0,20.0,0.0
2026-01-01 07:23:00+00:00,XAUUSD,M1,2400.7416967805552,2402.6776383634465,2400.136483678286,2401.818226104978,62.0,20.0,0.0
2026-01-01 07:24:00+00:00,XAUUSD,M1,2401.818226104978,2402.277952250626,2400.9420717988046,2401.5639971842866,203.0,20.0,0.0
2026-01-01 07:25:00+00:00,XAUUSD,M1,2401.5639971842866,2402.424221880456,2399.9829651460223,2400.40251093081,481.0,20.0,0.0
2026-01-01 07:26:00+00:00,XAUUSD,M1,2400.40251093081,2401.4653292101207,2400.1581621685473,2401.2762888640673,249.0,20.0,0.0
2026-01-01 07:27:00+00:00,XAUUSD,M1,2401.2762888640673,2401.7975429333014,2400.3674775638037,2401.0310983263894,369.0,20.0,0.0
2026-01-01 07:28:00+00:00,XAUUSD,M1,2401.0310983263894,2402.1693319474,2400.837556241019,2401.9427722820515,98.0,20.0,0.0
2026-01-01 07:29:00+00:00,XAUUSD,M1,2401.9427722820515,2402.5346808878053,2401.0966030439663,2402.2694739725976,336.0,20.0,0.0
2026-01-01 07:30:00+00:00,XAUUSD,M1,2402.2694739725976,2402.345020364545,2401.974845906254,2402.184563948435,217.0,20.0,0.0
2026-01-01 07:31:00+00:00,XAUUSD,M1,2402.184563948435,2402.6346949778012,2402.0433484400273,2402.483584663672,384.0,20.0,0.0
2026-01-01 07:32:00+00:00,XAUUSD,M1,2402.483584663672,2404.8937158582576,2402.0105841166614,2404.064394711773,467.0,20.0,0.0
2026-01-01 07:33:00+00:00,XAUUSD,M1,2404.064394711773,2406.0692821777757,2403.5727775533796,2405.7459791350157,289.0,20.0,0.0
2026-01-01 07:34:00+00:00,XAUUSD,M1,2405.7459791350157,2406.3883938732492,2405.264015157454,2405.821484043122,96.0,20.0,0.0
2026-01-01 07:35:00+00:00,XAUUSD,M1,2405.821484043122,2406.4148985299666,2405.400316677184,2405.9696365177756,264.0,20.0,0.0
2026-01-01 07:36:00+00:00,XAUUSD,M1,2405.9696365177756,2407.241012202207,2405.0740438588705,2406.8506286437487,105.0,20.0,0.0
2026-01-01 07:37:00+00:00,XAUUSD,M1,2406.8506286437487,2407.352731821393,2405.730761296765,2406.194099817535,252.0,20.0,0.0
2026-01-01 07:38:00+00:00,XAUUSD,M1,2406.194099817535,2406.6897092185527,2405.7378452239063,2406.4805561156295,77.0,20.0,0.0
2026-01-01 07:39:00+00:00,XAUUSD,M1,2406.4805561156295,2407.370869429371,2406.071364683959,2406.4798658372665,338.0,20.0,0.0
2026-01-01 07:40:00+00:00,XAUUSD,M1,2406.4798658372665,2407.4965540948306,2406.3730639457704,2406.7509924064325,189.0,20.0,0.0
2026-01-01 07:41:00+00:00,XAUUSD,M1,2406.7509924064325,2407.4313648442544,2405.550284225196,2406.104297361673,140.0,20.0,0.0
2026-01-01 07:42:00+00:00,XAUUSD,M1,2406.104297361673,2406.552742764135,2404.6088707606364,2404.852643367026,57.0,20.0,0.0
2026-01-01 07:43:00+00:00,XAUUSD,M1,2404.852643367026,2405.0325889208334,2402.6222889850383,2403.214256618233,449.0,20.0,0.0
2026-01-01 07:44:00+00:00,XAUUSD,M1,2403.214256618233,2404.046822597765,2402.2471408851848,2402.340349327841,426.0,20.0,0.0
2026-01-01 07:45:00+00:00,XAUUSD,M1,2402.340349327841,2402.6805283351155,2401.1092300638243,2401.9934090998895,415.0,20.0,0.0
2026-01-01 07:46:00+00:00,XAUUSD,M1,2401.9934090998895,2402.085999786132,2401.33020151341,2401.7788558305706,76.0,20.0,0.0
2026-01-01 07:47:00+00:00,XAUUSD,M1,2401.7788558305706,2403.6896838858033,2400.9666137647187,2403.348640760514,207.0,20.0,0.0
2026-01-01 07:48:00+00:00,XAUUSD,M1,2403.348640760514,2404.9787239323614,2402.894413763266,2404.25343545644,487.0,20.0,0.0
2026-01-01 07:49:00+00:00,XAUUSD,M1,2404.25343545644,2404.83273788968,2403.4024813675787,2403.5037625633668,310.0,20.0,0.0
2026-01-01 07:50:00+00:00,XAUUSD,M1,2403.5037625633668,2404.4901421223603,2402.754881049187,2403.8019293253274,107.0,20.0,0.0
2026-01-01 07:51:00+00:00,XAUUSD,M1,2403.8019293253274,2404.5265194016106,2402.8953105660303,2403.4962667362474,113.0,20.0,0.0
2026-01-01 07:52:00+00:00,XAUUSD,M1,2403.4962667362474,2403.726428155666,2402.5742821753774,2403.288775665815,168.0,20.0,0.0
2026-01-01 07:53:00+00:00,XAUUSD,M1,2403.288775665815,2404.2922520040265,2402.8748312818325,2403.4570361853475,487.0,20.0,0.0
2026-01-01 07:54:00+00:00,XAUUSD,M1,2403.4570361853475,2404.3946642414103,2402.8647899527377,2403.972373078928,126.0,20.0,0.0
2026-01-01 07:55:00+00:00,XAUUSD,M1,2403.972373078928,2404.5655346808026,2402.943171638594,2403.720966291821,456.0,20.0,0.0
2026-01-01 07:56:00+00:00,XAUUSD,M1,2403.720966291821,2404.644009974707,2403.1345606653795,2404.5920475180083,355.0,20.0,0.0
2026-01-01 07:57:00+00:00,XAUUSD,M1,2404.5920475180083,2405.486410741658,2403.3529743474837,2403.698496937094,464.0,20.0,0.0
2026-01-01 07:58:00+00:00,XAUUSD,M1,2403.698496937094,2404.0123301150534,2403.085346781883,2403.723568186984,421.0,20.0,0.0
2026-01-01 07:59:00+00:00,XAUUSD,M1,2403.723568186984,2405.9244608088197,2403.1024921266617,2405.8217071682607,199.0,20.0,0.0
2026-01-01 08:00:00+00:00,XAUUSD,M1,2405.8217071682607,2406.459693697667,2404.95520825013,2406.0201709623607,422.0,20.0,0.0
2026-01-01 08:01:00+00:00,XAUUSD,M1,2406.0201709623607,2407.346418116251,2405.6548954890504,2407.186742567646,126.0,20.0,0.0
2026-01-01 08:02:00+00:00,XAUUSD,M1,2407.186742567646,2407.4594364138184,2406.775423065259,2407.2799587101845,180.0,20.0,0.0
2026-01-01 08:03:00+00:00,XAUUSD,M1,2407.2799587101845,2408.352020777524,2406.5396541931755,2407.7645803864484,145.0,20.0,0.0
2026-01-01 08:04:00+00:00,XAUUSD,M1,2407.7645803864484,2408.148568669283,2407.2592558634024,2407.739153830934,109.0,20.0,0.0
2026-01-01 08:05:00+00:00,XAUUSD,M1,2407.739153830934,2408.5727284135655,2406.946740636854,2407.6228277660025,90.0,20.0,0.0
2026-01-01 08:06:00+00:00,XAUUSD,M1,2407.6228277660025,2407.9441107864195,2406.5784888038365,2407.019241848622,134.0,20.0,0.0
2026-01-01 08:07:00+00:00,XAUUSD,M1,2407.019241848622,2408.0507360449146,2406.786070978081,2407.3834829357884,104.0,20.0,0.0
2026-01-01 08:08:00+00:00,XAUUSD,M1,2407.3834829357884,2407.82541745142,2406.0388299180763,2406.72225318444,221.0,20.0,0.0
2026-01-01 08:09:00+00:00,XAUUSD,M1,2406.72225318444,2407.8856799794503,2406.560771290633,2407.2747213734906,82.0,20.0,0.0
2026-01-01 08:10:00+00:00,XAUUSD,M1,2407.2747213734906,2408.722692030256,2407.055925259489,2408.1629509770473,77.0,20.0,0.0
2026-01-01 08:11:00+00:00,XAUUSD,M1,2408.1629509770473,2408.9280424796825,2407.5801497416805,2408.476176102837,495.0,20.0,0.0
2026-01-01 08:12:00+00:00,XAUUSD,M1,2408.476176102837,2409.333728033268,2407.581997785829,2408.2671771159926,89.0,20.0,0.0
2026-01-01 08:13:00+00:00,XAUUSD,M1,2408.2671771159926,2408.9916561757814,2407.456692412155,2408.6503495794395,83.0,20.0,0.0
2026-01-01 08:14:00+00:00,XAUUSD,M1,2408.6503495794395,2408.8509997555016,2408.1417126121987,2408.4234111350024,63.0,20.0,0.0
2026-01-01 08:15:00+00:00,XAUUSD,M1,2408.4234111350024,2409.8182287871223,2408.2792955151917,2409.1918488353745,109.0,20.0,0.0
2026-01-01 08:16:00+00:00,XAUUSD,M1,2409.1918488353745,2409.960955262486,2406.884084307408,2407.7467239680022,287.0,20.0,0.0
2026-01-01 08:17:00+00:00,XAUUSD,M1,2407.7467239680022,2407.8309396469513,2407.3169784486886,2407.4982380735073,422.0,20.0,0.0
2026-01-01 08:18:00+00:00,XAUUSD,M1,2407.4982380735073,2407.9304258586667,2405.707571542492,2405.9255884774084,380.0,20.0,0.0
2026-01-01 08:19:00+00:00,XAUUSD,M1,2405.9255884774084,2406.7342030136424,2404.4519097777015,2404.7495398132264,311.0,20.0,0.0
